title,link
Re: [問卦] 你知道什麼別人不知道的冷知識？,https://www.ptt.cc//bbs/Gossiping/M.1685526048.A.AC0.html
[新聞] 被對手王鴻薇酸「領9萬」 林飛帆反酸補,https://www.ptt.cc//bbs/Gossiping/M.1685526050.A.042.html
[問卦] ptt科技版跟Dcard黃金交叉了？,https://www.ptt.cc//bbs/Gossiping/M.1685526107.A.29A.html
[公告] 八卦板板規(2023.03.01),https://www.ptt.cc//bbs/Gossiping/M.1677600392.A.D12.html
[公告] 第一屆八卦女神大賽 520提名預選開跑,https://www.ptt.cc//bbs/Gossiping/M.1684514537.A.3CB.html
[公告] 八卦女神大賽活動置底閒聊區,https://www.ptt.cc//bbs/Gossiping/M.1684514609.A.328.html
[協尋] 5/26 中午12點多公館往永和方向的福和橋,https://www.ptt.cc//bbs/Gossiping/M.1685340310.A.906.html
Fw: [協尋] 5/26AM11:40台北庫倫街~酒泉街(有懸賞),https://www.ptt.cc//bbs/Gossiping/M.1685365265.A.8DF.html
[問卦] 日本奶妹泳裝攝影會,https://www.ptt.cc//bbs/Gossiping/M.1685525140.A.AA9.html
Re: [問卦] 其實超過80%台灣人這兩週才認識黃仁勳吧?,https://www.ptt.cc//bbs/Gossiping/M.1685525272.A.E94.html
[問卦] 春水堂要吃什麼才內行阿,https://www.ptt.cc//bbs/Gossiping/M.1685525359.A.1FC.html
[問卦] 欸，今天台中天氣484炸裂好,https://www.ptt.cc//bbs/Gossiping/M.1685525367.A.B7E.html
Re: [問卦] 1972年當時能帶全家移民美國PR多少？,https://www.ptt.cc//bbs/Gossiping/M.1685525382.A.D74.html
Re: [新聞] 柯文哲OOTD小心機！ 王世堅：議會8年從,https://www.ptt.cc//bbs/Gossiping/M.1685525468.A.015.html
[問卦] 7-11最厲害是不是滷雞腿？,https://www.ptt.cc//bbs/Gossiping/M.1685525492.A.C9A.html
[問卦] 遠離台南是不是前途光明,https://www.ptt.cc//bbs/Gossiping/M.1685525508.A.EA0.html
Re: [問卦] 為何日治時期的菜市場那麼美?,https://www.ptt.cc//bbs/Gossiping/M.1685525594.A.7FE.html
[問卦] 等房子倒了 才能知道結構牆有沒有被挖？,https://www.ptt.cc//bbs/Gossiping/M.1685525608.A.8A3.html
[問卦] 東坡肉的繩子可以吃嗎？,https://www.ptt.cc//bbs/Gossiping/M.1685525631.A.90C.html
[問卦] 仁勳移民美國變兆元男，待在台灣是__男？,https://www.ptt.cc//bbs/Gossiping/M.1685525654.A.EBD.html
[新聞] 邱莉莉等人律師提勘驗譯文 法官：多粗話,https://www.ptt.cc//bbs/Gossiping/M.1685525735.A.E24.html
[新聞] im.B案主嫌通緝趴趴走 法務部：明起公布通緝犯照片,https://www.ptt.cc//bbs/Gossiping/M.1685525769.A.B93.html
[問卦] 林芙芙是不是被問環島問到煩了?,https://www.ptt.cc//bbs/Gossiping/M.1685525834.A.6C3.html
[新聞] 任賢齊曾捐錢救活1歲病童！22年後女孩「,https://www.ptt.cc//bbs/Gossiping/M.1685525855.A.CAD.html
[問卦] 仁勳哥如果中大樂透,https://www.ptt.cc//bbs/Gossiping/M.1685525910.A.40E.html
[問卦] 下一個食物要怎樣才能超越大王具足蟲拉麵,https://www.ptt.cc//bbs/Gossiping/M.1685525932.A.3DD.html
Re: [問卦] 台南人基因是不是特別好？ ,https://www.ptt.cc//bbs/Gossiping/M.1685526019.A.76B.html
[問卦] 石二鍋狂喝冰沙戴勝益會哭嗎？,https://www.ptt.cc//bbs/Gossiping/M.1685526035.A.5E4.html
